Sector,Predicted_Return
HOTELS,0.10364628890955882
DEVBANK,0.09176158852637482
BANKING,0.08780978636756799
OTHERS,0.08167152227769696
INVESTMENT,0.07971444855420803
FINANCE,0.07669760295214322
MANUFACTURE,0.07195711886554919
NEPSE,0.06619815316706612
TRADING,0.06595671642211506
HYDROPOWER,0.060606821874258025
MICROFINANCE,0.05703460029985028
NONLIFEINSU,0.05321749477192581
LIFEINSU,0.0467729160318333
